{
    "best_val_acc": 0.6779665419783875,
    "test_loss": 0.6481295572693238,
    "test_acc": 0.6159762852604701,
    "test_mcc": 0.2976428344587406
}