{
    "best_val_acc": 0.6966227213541667,
    "test_loss": 0.5919307382858318,
    "test_acc": 0.7136548913043478,
    "test_mcc": 0.0
}