{
    "best_val_acc": 0.6490426271984271,
    "test_loss": 0.6283912220753344,
    "test_acc": 0.6361119823165429,
    "test_mcc": 0.331921806796365
}