{
    "best_val_acc": 0.69168701171875,
    "test_loss": 0.6040056315453156,
    "test_acc": 0.7214673913043478,
    "test_mcc": 0.2960193885557778
}