{
    "best_val_acc": 0.6385488147223956,
    "test_loss": 0.6398946489091446,
    "test_acc": 0.6236798965335443,
    "test_mcc": 0.2560314469493641
}