{
    "best_val_acc": 0.6777717165419784,
    "test_loss": 0.6479694891018375,
    "test_acc": 0.6166096165832279,
    "test_mcc": 0.2973467848395242
}